<?xml version="1.0" encoding="UTF-8"?><metadata>
    <idinfo>
        <citation>
            <citeinfo>
                <title>LightRail_UTA</title>
                <geoform>vector digital data</geoform>
            </citeinfo>
        </citation>
        <descript>
            <abstract>This data represents UTA's 2 track light rail system. It was digitized from aerial photography dated 8/16.</abstract>
            <purpose>To display UTA's TRAX light rail system, including Sugar House Streetcar.</purpose>
        </descript>
        <spdom>
            <bounding>
                <westbc>-112.028232</westbc>
                <eastbc>-111.832850</eastbc>
                <northbc>40.785244</northbc>
                <southbc>40.523315</southbc>
            </bounding>
        </spdom>
        <keywords>
            <theme>
                <themekt>None</themekt>
                <themekey>Utah Transit Authority</themekey>
                <themekey>TRAX</themekey>
                <themekey>Transportation</themekey>
                <themekey>SGID</themekey>
                <themekey>AGRC</themekey>
            </theme>
        </keywords>
        <accconst>None</accconst>
        <useconst>The data, including but not limited to geographic data, tabular data, and analytical data, are provided &amp;quot;as is&amp;quot; and &amp;quot;as available&amp;quot;, with no guarantees relating to the availability, completeness, or accuracy of data, and without any express or implied warranties. These data are provided as a public service for informational purposes only. You are solely responsible for obtaining the proper evaluation of a location and associated data by a qualified professional. UGRC reserves the right to change, revise, suspend or discontinue published data and services without notice at any time. Neither UGRC nor the State of Utah are responsible for any misuse or misrepresentation of the data. UGRC and the State of Utah are not obligated to provide you with any maintenance or support. The user assumes the entire risk as to the quality and performance of the data. You agree to hold the State of Utah harmless for any claims, liability, costs, and damages relating to your use of the data. You agree that your sole remedy for any dissatisfaction or claims is to discontinue use of the data.This work is licensed under a Creative Commons Attribution 4.0 International License.</useconst>
        <native> Version 6.2 (Build 9200) ; Esri ArcGIS 10.5.1.7333</native>
    </idinfo>
    <spdoinfo>
        <direct>Vector</direct>
        <ptvctinf>
            <sdtsterm>
                <sdtstype>String</sdtstype>
                <ptvctcnt>0</ptvctcnt>
            </sdtsterm>
        </ptvctinf>
    </spdoinfo>
    <eainfo>
        <detailed>
            <enttyp>
                <enttypl>LightRail_UTA</enttypl>
            </enttyp>
            <attr>
                <attrlabl>OBJECTID</attrlabl>
                <attrdef>Internal feature number.</attrdef>
                <attrdefs>Esri</attrdefs>
                <attrdomv>
                                        
                    
                    <udom>Sequential unique whole numbers that are automatically generated.</udom>
                                        
                
                </attrdomv>
            </attr>
            <attr>
                <attrlabl>ID</attrlabl>
            </attr>
            <attr>
                <attrlabl>DIRECTION</attrlabl>
            </attr>
            <attr>
                <attrlabl>LINE</attrlabl>
            </attr>
            <attr>
                <attrlabl>ROUTE</attrlabl>
            </attr>
            <attr>
                <attrlabl>Shape</attrlabl>
                <attrdef>Feature geometry.</attrdef>
                <attrdefs>Esri</attrdefs>
                <attrdomv>
                                        
                    
                    <udom>Coordinates defining the features.</udom>
                                        
                
                </attrdomv>
            </attr>
            <attr>
                <attrlabl>Shape_Length</attrlabl>
                <attrdef>Length of feature in internal units.</attrdef>
                <attrdefs>Esri</attrdefs>
                <attrdomv>
                                        
                    
                    <udom>Positive real numbers that are automatically generated.</udom>
                                        
                
                </attrdomv>
            </attr>
        </detailed>
    </eainfo>
    <metainfo>
        <metd>20191023</metd>
        <metstdn>FGDC Content Standard for Digital Geospatial Metadata</metstdn>
        <metstdv>FGDC-STD-001-1998</metstdv>
        <mettc>local time</mettc>
    </metainfo>
</metadata>
